<?xml version="1.0" encoding="UTF-8"?>
<launch4jConfig>
  <dontWrapJar>false</dontWrapJar>
  <headerType>gui</headerType>
  <jar>C:\Users\TONYE\Documents\NetBeansProjects\DimApp\dist\DimApp.jar</jar>
  <outfile>C:\Users\TONYE\Documents\NetBeansProjects\DimApp\dist\DimApp.exe</outfile>
  <errTitle>DimApp</errTitle>
  <cmdLine></cmdLine>
  <chdir>.</chdir>
  <priority>normal</priority>
  <downloadUrl>http://java.com/download</downloadUrl>
  <supportUrl></supportUrl>
  <stayAlive>false</stayAlive>
  <restartOnCrash>false</restartOnCrash>
  <manifest></manifest>
  <icon>C:\Users\TONYE\Desktop\gear.ico</icon>
  <jre>
    <path>jre1.8.0_45\</path>
    <bundledJre64Bit>false</bundledJre64Bit>
    <bundledJreAsFallback>false</bundledJreAsFallback>
    <minVersion></minVersion>
    <maxVersion></maxVersion>
    <jdkPreference>preferJre</jdkPreference>
    <runtimeBits>64/32</runtimeBits>
  </jre>
  <versionInfo>
    <fileVersion>1.0.0.0</fileVersion>
    <txtFileVersion>1.0</txtFileVersion>
    <fileDescription>Manage-CRE Java application</fileDescription>
    <copyright>Copyright(C) 2015, 2015 Eric Tonye Lissouck</copyright>
    <productVersion>1.0.0.0</productVersion>
    <txtProductVersion>1.0</txtProductVersion>
    <productName>DimApp</productName>
    <companyName></companyName>
    <internalName>GUI launcher</internalName>
    <originalFilename>cre.exe</originalFilename>
  </versionInfo>
</launch4jConfig>